Partition,Epoch,Loss,Prmsd_loss,Coords_loss,Bondlen_loss,Inter_loss,AUC-ROC,AUC-PR,Precision,Recall,TNR,F1_score
test,-1,0.523434042930603,100,100,100,0.523434042930603,0.6905519102287094,0.8887163843452557,0.884113584036838,0.7685123415610406,0.5492537313432836,0.8222698023049789
