AUC-ROC,AUC-PR,Precision,Recall,TNR,F1_score
0.7574068907797461,0.9191431080665923,0.82168409466153,0.9966622162883845,0.03283582089552239,0.9007541428592718
