AUC-ROC,AUC-PR,Precision,Recall,TNR,F1_score
0.7550216208676244,0.924814851882445,0.8285714285714286,0.9873164218958611,0.08656716417910448,0.9010051732288906
