AUC-ROC,AUC-PR,Precision,Recall,TNR,F1_score
0.7496742163203634,0.921152832683723,0.83125,0.9766355140186916,0.11077844311377245,0.8980969870519788
