AUC-ROC,AUC-PR,Precision,Recall,TNR,F1_score
0.741946355172808,0.9110750245986983,0.8310016787912703,0.9919839679358717,0.09309309309309309,0.9043848915067129
