AUC-ROC,AUC-PR,Precision,Recall,TNR,F1_score
0.7544193641532164,0.924417501460878,0.8296918767507003,0.9879919946631087,0.09253731343283582,0.9019488379124657
